id;last_name;first_name;phone;license_no
1;Harris;Zula;729-341-2091 x97707;arrogantly where
2;Jacobson;Trever;(370) 925-2962 x0112;short-term preregister
3;Lubowitz;Mollie;(576) 521-9261 x31270;subexpression
4;O'Keefe;Dudley;863.648.7810 x111;regarding mean guest
5;Stiedemann;Roman;911.520.5623 x126;boohoo enthusiastically aside
6;Rowe;Vickie;378-412-3347;wherever gah anenst
7;Effertz;Amely;(542) 626-4990 x436;minus
8;Bayer;Luigi;(915) 786-0081 x989;meh airport throughout
9;White;Troy;361-695-4510;beyond meaningfully whimsical
10;Raynor;Chaya;1-805-723-4707 x82148;release
